[
  {
    "id": "3684c7a8-9897-4330-aa0e-7b0a6caada6d",
    "data": [
      {
        "text": "can i come ",
        "userDefined": false
      },
      {
        "text": "next week",
        "meta": "@sys.date-period",
        "alias": "date-period",
        "userDefined": false
      }
    ],
    "isTemplate": false,
    "count": 0,
    "lang": "en",
    "updated": 0
  },
  {
    "id": "184f05d3-becc-41fd-bf4e-74d3b2e1b75d",
    "data": [
      {
        "text": "set an appointment for ",
        "userDefined": false
      },
      {
        "text": "tomorrow",
        "meta": "@sys.date-time",
        "alias": "date-time",
        "userDefined": false
      }
    ],
    "isTemplate": false,
    "count": 0,
    "lang": "en",
    "updated": 0
  },
  {
    "id": "5a719680-cf3d-419c-a407-e50b36adebc3",
    "data": [
      {
        "text": "i would like to schedule an appointment",
        "userDefined": false
      }
    ],
    "isTemplate": false,
    "count": 0,
    "lang": "en",
    "updated": 0
  },
  {
    "id": "dfc33483-4d9f-4ee2-bf4c-9cbad45f5029",
    "data": [
      {
        "text": "i would like to schedule a meeting",
        "userDefined": false
      }
    ],
    "isTemplate": false,
    "count": 1,
    "lang": "en",
    "updated": 0
  },
  {
    "id": "11e1aa20-8d02-4071-8356-0d1dab144c33",
    "data": [
      {
        "text": "set an ",
        "userDefined": false
      },
      {
        "text": "appointment",
        "userDefined": true
      },
      {
        "text": " ",
        "userDefined": false
      },
      {
        "text": "at 3 pm",
        "meta": "@sys.date-time",
        "alias": "date-time",
        "userDefined": false
      }
    ],
    "isTemplate": false,
    "count": 0,
    "lang": "en",
    "updated": 0
  },
  {
    "id": "57f933c7-099b-4d09-ae5b-cfbafe65f933",
    "data": [
      {
        "text": "i would like to have an appointment",
        "userDefined": false
      }
    ],
    "isTemplate": false,
    "count": 0,
    "lang": "en",
    "updated": 0
  }
]